name;grep-runtime;grep-result;re-runtime;re-result;pcre2-runtime;pcre2-result;rsaregex-runtime;rsaregex-result;rsaregex-matchtime
0;0.01;False;0.01;True;0.01;True;ERR;ERR;ERR
1;0.01;False;0.01;True;0.01;True;ERR;ERR;ERR
2;0.01;False;0.0;False;0.01;False;ERR;ERR;ERR
3;0.13;False;0.07;False;0.09;False;0.48;False;0.08597569500000002
4;0.03;True;0.11;True;0.18;True;ERR;ERR;ERR
5;0.01;False;0.0;False;0.01;False;TO;TO;TO
6;0.0;False;0.01;True;0.01;True;ERR;ERR;ERR
7;0.01;False;0.0;False;0.01;False;0.48;False;0.248567677
8;ERR;ERR;0.0;True;0.01;True;TO;TO;TO
9;0.01;False;0.01;False;0.01;False;2.53;False;0.2131007239999998
10;0.01;False;0.01;False;0.01;False;TO;TO;TO
11;ERR;ERR;0.01;False;0.01;False;ERR;ERR;ERR
12;0.01;True;0.01;True;0.01;True;0.19;True;0.005282892000000011
13;ERR;ERR;0.01;False;0.01;False;ERR;ERR;ERR
14;0.01;False;TO;TO;0.01;False;0.57;False;0.41335481999999996
15;0.01;False;0.01;False;0.0;False;ERR;ERR;ERR
16;0.01;False;0.01;False;0.06;False;TO;TO;TO
17;0.01;False;0.01;False;0.01;False;0.03;False;3.764100000000492e-05
18;0.01;False;0.01;False;0.03;False;ERR;ERR;ERR
19;0.01;False;0.0;False;0.01;False;ERR;ERR;ERR
20;0.01;False;0.0;False;0.01;False;ERR;ERR;ERR
21;0.01;False;0.01;False;0.01;False;ERR;ERR;ERR
22;0.01;False;0.01;False;0.01;False;ERR;ERR;ERR
23;0.01;False;0.23;False;0.01;False;TO;TO;TO
24;0.01;False;0.0;False;0.01;False;TO;TO;TO
25;0.01;False;0.07;False;0.01;False;TO;TO;TO
26;0.01;False;0.01;False;0.01;False;1.08;False;0.17623466199999993
27;0.01;False;0.0;False;0.01;False;0.03;False;0.00019741000000000203
28;0.01;False;TO;TO;TO;TO;ERR;ERR;ERR
29;0.01;False;0.01;False;0.01;False;ERR;ERR;ERR
30;0.01;False;TO;TO;TO;TO;ERR;ERR;ERR
31;ERR;ERR;TO;TO;TO;TO;ERR;ERR;ERR
32;1.42;True;0.01;True;0.01;True;0.35;True;0.143990883
33;0.01;False;TO;TO;0.0;False;ERR;ERR;ERR
34;0.02;False;0.0;False;0.0;False;0.26;False;0.209005106
35;0.01;False;TO;TO;TO;TO;ERR;ERR;ERR
36;0.01;False;0.01;False;0.01;False;ERR;ERR;ERR
37;0.01;False;0.0;False;0.01;False;ERR;ERR;ERR
38;ERR;ERR;0.01;False;0.01;False;ERR;ERR;ERR
39;0.01;False;0.01;False;0.0;False;ERR;ERR;ERR
40;0.01;False;TO;TO;0.01;False;ERR;ERR;ERR
41;0.01;True;0.01;True;0.01;True;TO;TO;TO
42;TO;TO;0.36;False;0.65;False;0.25;False;0.20967932700000003
43;0.01;False;0.01;True;0.01;True;0.22;True;0.189196787
44;0.01;False;0.01;True;ERR;ERR;TO;TO;TO
45;0.01;False;0.01;False;0.0;False;ERR;ERR;ERR
46;0.01;False;0.0;False;0.01;False;TO;TO;TO
47;0.01;False;0.01;True;0.0;True;ERR;ERR;ERR
48;ERR;ERR;0.01;True;0.01;True;ERR;ERR;ERR
49;0.01;False;TO;TO;0.01;False;TO;TO;TO
50;0.01;True;0.01;True;0.01;True;0.38;True;0.178397277
51;0.01;False;0.0;True;0.01;True;TO;TO;TO
52;ERR;ERR;0.01;False;0.01;False;1.81;False;0.16740362999999991
53;0.01;False;0.01;True;0.01;True;ERR;ERR;ERR
54;ERR;ERR;0.01;False;ERR;ERR;TO;TO;TO
55;0.01;False;0.01;False;0.01;False;ERR;ERR;ERR
56;0.01;False;0.01;False;0.0;False;TO;TO;TO
57;0.01;False;0.01;False;0.01;False;TO;TO;TO
58;0.01;False;0.81;False;0.01;False;ERR;ERR;ERR
59;0.01;False;0.0;False;0.01;False;ERR;ERR;ERR
60;0.01;False;0.0;False;0.01;False;ERR;ERR;ERR
61;0.0;False;0.01;False;0.01;False;0.18;False;0.014777824999999994
62;0.01;False;TO;TO;0.01;False;2.4;False;0.16119217600000013
63;0.01;False;0.01;False;0.02;False;0.03;False;0.00041565099999999605
64;TO;TO;TO;TO;0.41;True;ERR;ERR;ERR
65;ERR;ERR;0.01;False;0.01;False;TO;TO;TO
66;0.01;False;0.01;False;0.01;False;ERR;ERR;ERR
67;0.03;True;0.11;True;0.18;True;ERR;ERR;ERR
68;0.01;False;0.04;False;0.01;False;ERR;ERR;ERR
69;ERR;ERR;0.01;False;0.01;False;TO;TO;TO
70;0.01;False;TO;TO;TO;TO;0.14;False;0.0031610800000000105
71;ERR;ERR;0.0;False;0.01;False;ERR;ERR;ERR
72;0.01;False;0.01;False;ERR;ERR;0.05;False;0.001694891000000004
73;TO;TO;0.0;True;0.01;True;0.55;True;0.469091397
74;ERR;ERR;0.01;True;0.01;True;0.43;True;0.08927206100000001
75;0.01;False;0.01;False;0.01;False;0.25;False;0.0046263890000000085
76;0.01;False;0.0;False;0.01;False;ERR;ERR;ERR
77;ERR;ERR;0.01;False;0.01;False;ERR;ERR;ERR
78;0.02;True;0.01;True;0.01;True;ERR;ERR;ERR
79;0.01;False;0.01;False;0.01;False;ERR;ERR;ERR
80;TO;TO;0.01;False;0.01;False;ERR;ERR;ERR
81;0.01;False;0.02;False;0.02;False;ERR;ERR;ERR
82;0.01;False;0.01;False;0.01;False;ERR;ERR;ERR
83;0.01;False;2.59;False;0.08;False;ERR;ERR;ERR
84;0.01;False;2.78;False;0.01;False;ERR;ERR;ERR
85;0.01;False;0.01;False;0.01;False;ERR;ERR;ERR
86;0.01;False;0.01;False;0.01;False;ERR;ERR;ERR
87;0.01;False;0.0;False;ERR;ERR;ERR;ERR;ERR
88;ERR;ERR;0.02;True;0.01;True;ERR;ERR;ERR
89;0.01;False;TO;TO;2.09;False;ERR;ERR;ERR
90;0.01;False;1.55;False;1.9;False;ERR;ERR;ERR
91;ERR;ERR;0.0;False;0.01;False;ERR;ERR;ERR
92;ERR;ERR;0.01;False;0.01;False;TO;TO;TO
93;0.02;True;0.01;True;0.01;True;ERR;ERR;ERR
94;ERR;ERR;0.01;False;0.01;False;1.84;False;0.21289654099999988
95;0.01;False;0.01;False;0.01;False;ERR;ERR;ERR
96;ERR;ERR;TO;TO;0.01;False;0.3;False;0.006503150000000013
97;0.01;False;0.01;False;0.01;False;ERR;ERR;ERR
98;0.01;False;0.67;False;0.6;False;TO;TO;TO
99;0.0;False;0.47;False;0.01;False;ERR;ERR;ERR
100;ERR;ERR;0.0;True;0.01;True;ERR;ERR;ERR
101;0.01;False;TO;TO;0.01;False;ERR;ERR;ERR
102;0.01;False;0.0;False;0.0;False;ERR;ERR;ERR
103;0.01;False;0.01;True;0.01;True;0.43;True;0.14045952599999995
104;TO;TO;0.01;True;0.01;True;0.66;True;0.33434452000000003
105;TO;TO;0.29;False;0.58;False;ERR;ERR;ERR
106;0.01;False;0.0;True;0.01;True;TO;TO;TO
107;ERR;ERR;TO;TO;TO;TO;ERR;ERR;ERR
108;0.01;False;TO;TO;0.01;False;ERR;ERR;ERR
109;0.01;False;0.01;False;0.01;False;2.81;False;0.15452213000000015
110;ERR;ERR;0.01;False;0.01;False;ERR;ERR;ERR
111;TO;TO;0.01;True;0.01;True;ERR;ERR;ERR
112;0.01;False;0.01;True;0.01;True;TO;TO;TO
113;0.01;False;0.73;False;0.01;False;ERR;ERR;ERR
114;0.01;False;0.01;True;0.01;True;ERR;ERR;ERR
115;0.01;False;0.01;False;0.0;False;ERR;ERR;ERR
116;0.0;False;0.0;False;0.01;False;ERR;ERR;ERR
117;0.01;False;0.01;False;0.01;False;0.06;False;0.02823821
118;0.01;False;0.01;True;0.01;True;ERR;ERR;ERR
119;0.01;False;0.01;False;0.01;False;ERR;ERR;ERR
120;0.01;False;0.0;False;0.01;False;ERR;ERR;ERR
121;0.01;False;0.0;False;0.0;False;ERR;ERR;ERR
122;0.01;False;0.01;False;0.01;False;ERR;ERR;ERR
123;0.0;False;ERR;ERR;0.01;True;ERR;ERR;ERR
124;TO;TO;TO;TO;TO;TO;ERR;ERR;ERR
125;0.01;False;0.01;True;0.01;True;ERR;ERR;ERR
126;0.01;False;0.01;False;ERR;ERR;0.06;False;0.001980484999999997
127;0.0;False;0.01;False;0.02;False;0.77;False;0.016810309999999995
128;TO;TO;TO;TO;TO;TO;ERR;ERR;ERR
129;ERR;ERR;0.01;False;ERR;ERR;TO;TO;TO
130;0.01;False;0.01;False;0.01;False;0.25;False;0.162548758
131;0.01;False;0.01;False;0.01;False;ERR;ERR;ERR
132;ERR;ERR;TO;TO;0.01;False;ERR;ERR;ERR
133;0.01;False;1.13;False;2.46;False;ERR;ERR;ERR
134;0.01;False;TO;TO;TO;TO;ERR;ERR;ERR
135;TO;TO;0.5;False;0.65;False;0.38;False;0.23120383300000003
136;0.01;False;TO;TO;0.01;False;0.78;False;0.470264827
137;0.01;False;1.93;False;3.27;False;ERR;ERR;ERR
138;0.0;False;0.0;False;0.01;False;ERR;ERR;ERR
139;0.0;False;0.09;False;0.11;False;0.47;False;0.10422923
140;0.01;False;0.01;False;0.0;False;0.03;False;0.00033276499999999876
141;0.01;False;TO;TO;TO;TO;ERR;ERR;ERR
142;0.01;False;0.0;False;0.01;False;0.74;False;0.13216226100000006
143;0.01;False;0.01;False;0.01;False;0.03;False;0.00022204699999999605
144;0.01;False;0.01;False;0.01;False;ERR;ERR;ERR
145;ERR;ERR;1.74;False;1.12;False;ERR;ERR;ERR
146;0.01;False;TO;TO;0.01;False;TO;TO;TO
147;0.01;True;0.01;False;0.01;False;TO;TO;TO
148;0.01;False;0.01;False;0.01;False;ERR;ERR;ERR
149;0.01;False;0.01;False;0.0;False;ERR;ERR;ERR
150;0.01;False;0.54;False;0.01;False;TO;TO;TO
151;TO;TO;0.34;False;0.76;False;0.16;False;0.128637622
152;ERR;ERR;0.01;False;0.0;False;2.36;False;0.03591497300000013
153;0.01;False;0.01;True;0.01;True;TO;TO;TO
154;0.01;False;0.04;False;0.06;False;ERR;ERR;ERR
155;0.01;False;0.01;False;0.01;False;TO;TO;TO
156;0.01;False;0.2;False;0.11;False;ERR;ERR;ERR
157;0.01;False;0.01;False;0.01;False;0.04;False;0.00013394099999999853
158;0.01;False;0.01;False;0.01;False;ERR;ERR;ERR
159;0.48;False;TO;TO;0.01;False;ERR;ERR;ERR
160;0.06;True;0.77;True;1.42;True;0.39;True;0.33976150400000005
161;0.01;False;0.0;False;0.01;False;ERR;ERR;ERR
162;0.01;False;0.01;True;0.0;True;TO;TO;TO
163;ERR;ERR;0.04;False;0.02;False;2.66;False;0.4015376919999998
164;0.01;False;0.01;False;0.01;False;ERR;ERR;ERR
165;0.01;False;0.0;True;0.01;True;ERR;ERR;ERR
166;0.01;False;0.0;False;0.01;False;0.21;False;0.12272372699999999
167;0.01;False;0.79;False;1.01;False;ERR;ERR;ERR
168;0.01;False;0.0;False;0.01;False;0.2;False;0.004507615999999992
169;ERR;ERR;0.01;True;0.01;True;ERR;ERR;ERR
170;0.01;False;0.63;False;0.87;False;ERR;ERR;ERR
171;0.01;False;0.01;False;0.01;False;ERR;ERR;ERR
172;TO;TO;0.01;True;0.01;True;1.4;True;0.26820055899999984
173;0.01;False;TO;TO;TO;TO;ERR;ERR;ERR
174;0.01;False;0.11;False;0.14;False;ERR;ERR;ERR
175;TO;TO;0.0;True;0.01;True;TO;TO;TO
176;0.01;False;0.01;False;0.01;False;ERR;ERR;ERR
177;0.01;False;0.0;False;0.01;False;TO;TO;TO
178;0.01;True;0.0;False;0.01;False;ERR;ERR;ERR
179;0.01;False;0.0;True;0.01;True;TO;TO;TO
180;ERR;ERR;0.01;False;0.01;False;ERR;ERR;ERR
181;0.01;False;TO;TO;0.01;False;ERR;ERR;ERR
182;0.01;False;0.01;False;0.01;False;ERR;ERR;ERR
183;TO;TO;TO;TO;0.42;True;ERR;ERR;ERR
184;TO;TO;0.01;True;0.01;True;TO;TO;TO
185;0.01;False;0.06;False;0.06;False;0.4;False;0.063457457
186;TO;TO;0.0;True;0.01;True;TO;TO;TO
187;0.01;False;0.01;True;0.01;True;TO;TO;TO
188;TO;TO;0.01;True;0.01;True;0.34;True;0.314415031
189;0.01;False;0.17;False;0.01;False;TO;TO;TO
190;0.0;False;0.01;False;0.01;False;ERR;ERR;ERR
191;0.01;False;0.01;False;0.01;False;ERR;ERR;ERR
192;ERR;ERR;0.0;True;0.01;True;TO;TO;TO
193;0.01;False;0.01;False;0.01;False;TO;TO;TO
194;0.01;False;0.01;False;0.0;False;ERR;ERR;ERR
195;0.01;False;0.02;False;0.03;False;ERR;ERR;ERR
196;ERR;ERR;0.01;False;0.01;False;ERR;ERR;ERR
197;0.01;False;0.0;False;0.01;False;ERR;ERR;ERR
198;ERR;ERR;0.01;True;0.01;True;ERR;ERR;ERR
199;0.01;False;0.4;False;0.01;False;ERR;ERR;ERR
200;0.01;False;0.01;False;0.01;False;ERR;ERR;ERR
201;0.01;False;1.19;False;0.01;False;TO;TO;TO
202;TO;TO;1.97;False;0.01;False;1.44;False;0.16766088199999984
203;0.01;False;0.01;False;0.01;False;ERR;ERR;ERR
204;0.01;True;0.01;True;0.01;True;2.32;True;0.23597586999999987
205;0.01;False;0.0;False;0.01;False;ERR;ERR;ERR
206;0.01;False;0.74;False;1.44;False;ERR;ERR;ERR
207;0.01;True;0.01;True;0.01;True;0.26;True;0.005504285999999997
208;ERR;ERR;0.0;True;0.01;True;TO;TO;TO
209;0.33;False;0.01;False;0.0;False;0.21;False;0.170322267
210;0.01;False;0.02;False;0.01;False;TO;TO;TO
211;ERR;ERR;0.01;False;0.0;False;TO;TO;TO
212;TO;TO;TO;TO;TO;TO;TO;TO;TO
213;0.04;True;0.01;True;0.01;True;1.24;True;0.22393518599999995
214;0.01;False;0.0;False;0.01;False;ERR;ERR;ERR
215;ERR;ERR;TO;TO;TO;TO;TO;TO;TO
216;0.01;False;0.01;False;0.01;False;ERR;ERR;ERR
217;0.01;False;0.01;False;0.01;False;ERR;ERR;ERR
218;0.01;False;0.0;True;0.01;True;TO;TO;TO
219;0.32;True;0.01;True;0.01;True;ERR;ERR;ERR
220;0.01;False;2.52;False;TO;TO;0.4;False;0.329414702
221;0.01;False;0.01;False;0.01;False;1.23;False;0.10672005400000018
222;0.01;False;0.01;True;0.01;True;TO;TO;TO
223;ERR;ERR;0.01;False;0.01;False;ERR;ERR;ERR
224;0.02;True;0.01;True;0.01;True;ERR;ERR;ERR
225;ERR;ERR;0.01;False;0.01;False;ERR;ERR;ERR
226;0.01;False;0.01;False;0.01;False;0.03;False;0.0008765049999999996
227;0.02;True;0.01;False;0.01;False;ERR;ERR;ERR
228;0.01;False;0.0;True;0.01;True;TO;TO;TO
229;TO;TO;0.01;True;0.01;True;ERR;ERR;ERR
230;TO;TO;0.01;True;0.0;True;0.3;True;0.26255259799999997
231;ERR;ERR;0.01;True;0.01;True;ERR;ERR;ERR
232;0.01;False;TO;TO;0.01;False;2.89;False;0.20135834299999988
233;0.01;False;TO;TO;TO;TO;ERR;ERR;ERR
234;0.01;False;0.1;False;0.06;False;ERR;ERR;ERR
235;0.01;False;0.0;True;0.01;True;0.3;True;0.03603603800000005
236;0.01;False;0.0;False;0.01;False;ERR;ERR;ERR
237;0.01;False;TO;TO;0.01;False;TO;TO;TO
238;0.01;False;TO;TO;TO;TO;ERR;ERR;ERR
239;0.01;False;0.0;False;0.01;False;TO;TO;TO
240;0.01;False;0.01;False;0.01;False;ERR;ERR;ERR
241;0.01;True;0.0;False;0.01;False;TO;TO;TO
242;0.01;False;0.01;False;ERR;ERR;ERR;ERR;ERR
243;0.01;False;0.04;False;0.04;False;0.42;False;0.28087242
244;TO;TO;TO;TO;TO;TO;0.15;False;0.11592593599999998
245;ERR;ERR;TO;TO;TO;TO;ERR;ERR;ERR
246;0.01;False;0.0;False;0.0;False;1.16;False;0.20247993600000003
247;ERR;ERR;0.01;True;0.01;True;0.45;False;0.14637830200000002
248;ERR;ERR;0.01;False;ERR;ERR;TO;TO;TO
249;0.01;False;0.4;False;0.44;False;ERR;ERR;ERR
250;ERR;ERR;0.01;False;0.01;False;0.04;False;0.00038759799999999595
251;0.0;False;0.0;False;0.01;False;ERR;ERR;ERR
252;0.01;False;3.11;False;TO;TO;ERR;ERR;ERR
253;ERR;ERR;0.0;False;0.01;False;TO;TO;TO
254;ERR;ERR;0.01;True;0.01;True;TO;TO;TO
255;0.0;False;0.01;False;0.01;False;1.76;False;0.1654372609999999
256;0.01;True;0.01;True;0.01;True;ERR;ERR;ERR
257;0.14;True;0.01;True;0.01;True;ERR;ERR;ERR
258;ERR;ERR;0.01;False;0.01;False;ERR;ERR;ERR
259;0.01;False;0.01;False;0.01;False;ERR;ERR;ERR
260;0.01;False;0.0;False;0.01;False;ERR;ERR;ERR
261;0.01;False;0.01;True;0.01;True;ERR;ERR;ERR
262;0.01;False;0.01;False;0.01;False;TO;TO;TO
263;ERR;ERR;0.01;True;0.01;True;ERR;ERR;ERR
264;TO;TO;0.01;True;0.0;True;ERR;ERR;ERR
265;0.01;False;0.0;False;0.01;False;ERR;ERR;ERR
266;ERR;ERR;0.01;True;0.01;True;ERR;ERR;ERR
267;0.01;False;0.01;False;0.01;False;ERR;ERR;ERR
268;0.01;False;TO;TO;0.01;False;0.28;False;0.06506014200000002
269;0.01;False;0.01;False;0.01;False;ERR;ERR;ERR
270;0.01;False;0.0;False;0.01;False;TO;TO;TO
271;0.01;False;0.0;False;0.01;False;ERR;ERR;ERR
272;0.0;False;0.08;False;0.01;False;TO;TO;TO
273;0.01;False;0.02;False;0.01;False;TO;TO;TO
274;0.01;False;0.01;True;0.01;True;ERR;ERR;ERR
275;0.01;False;0.0;False;0.01;False;ERR;ERR;ERR
276;0.01;False;0.01;False;0.0;False;ERR;ERR;ERR
277;0.0;False;0.01;False;0.01;False;ERR;ERR;ERR
278;0.01;False;0.01;True;0.01;True;ERR;ERR;ERR
279;0.01;False;0.01;False;0.01;False;ERR;ERR;ERR
280;0.01;False;0.01;False;0.01;False;ERR;ERR;ERR
281;0.01;False;0.46;False;0.87;False;ERR;ERR;ERR
282;0.01;False;0.01;False;0.01;False;TO;TO;TO
283;ERR;ERR;0.01;True;0.01;True;TO;TO;TO
284;0.01;False;0.01;False;0.01;False;ERR;ERR;ERR
285;0.01;False;TO;TO;0.01;False;ERR;ERR;ERR
286;ERR;ERR;TO;TO;0.01;False;ERR;ERR;ERR
287;ERR;ERR;0.0;False;0.01;False;1.43;False;0.1959444589999999
288;TO;TO;0.0;True;0.01;True;1.66;True;0.4014997669999998
289;ERR;ERR;0.01;True;0.01;True;0.16;True;0.125803855
290;0.01;False;0.0;False;0.01;False;ERR;ERR;ERR
291;0.01;False;0.0;False;0.01;False;ERR;ERR;ERR
292;0.01;False;0.0;False;0.01;False;ERR;ERR;ERR
293;0.01;False;0.01;False;0.01;False;ERR;ERR;ERR
294;0.01;False;0.01;False;0.01;False;ERR;ERR;ERR
295;0.0;False;0.01;False;0.01;False;0.13;False;0.08916177800000001
296;0.01;False;TO;TO;TO;TO;ERR;ERR;ERR
297;0.01;False;0.01;False;0.01;False;ERR;ERR;ERR
298;0.01;False;0.01;True;0.01;True;TO;TO;TO
299;0.01;True;0.01;False;0.01;False;ERR;ERR;ERR
300;0.02;True;0.01;True;0.01;True;ERR;ERR;ERR
301;0.01;False;0.01;False;0.01;False;2.37;False;0.22249092300000006
302;0.01;False;0.0;False;0.01;False;ERR;ERR;ERR
303;TO;TO;TO;TO;TO;TO;ERR;ERR;ERR
304;0.01;False;TO;TO;TO;TO;0.21;False;0.140760011
305;0.13;True;0.0;True;0.01;True;ERR;ERR;ERR
306;TO;TO;0.01;True;0.0;True;3.25;True;1.6553157580000002
307;0.01;False;0.01;False;0.01;False;1.86;False;0.091278733
308;0.01;False;TO;TO;0.01;False;0.62;False;0.015653797999999997
309;0.01;False;0.01;True;0.01;True;ERR;ERR;ERR
310;0.01;False;0.01;False;0.01;False;1.42;False;0.19894497599999994
311;0.1;True;0.0;True;0.0;True;ERR;ERR;ERR
312;0.01;False;0.56;False;0.01;False;ERR;ERR;ERR
313;0.01;False;0.01;False;0.0;False;ERR;ERR;ERR
314;0.19;True;0.01;True;0.01;True;0.05;True;0.025620975999999997
315;1.48;True;0.0;True;0.01;True;0.19;True;0.10833255600000001
316;0.01;False;TO;TO;2.13;False;ERR;ERR;ERR
317;0.01;False;TO;TO;TO;TO;ERR;ERR;ERR
318;0.01;False;TO;TO;0.41;True;ERR;ERR;ERR
319;0.01;False;TO;TO;0.65;True;ERR;ERR;ERR
320;2.84;True;0.01;True;0.01;True;2.6;True;0.507330397
321;0.01;False;0.01;True;0.01;True;ERR;ERR;ERR
322;0.01;False;0.01;True;0.01;True;0.12;True;0.04841898800000001
323;0.01;False;0.0;True;0.0;True;ERR;ERR;ERR
324;0.01;False;0.0;False;0.01;False;ERR;ERR;ERR
325;0.02;True;0.0;True;0.01;True;ERR;ERR;ERR
326;ERR;ERR;0.01;False;0.01;False;2.53;False;0.2418927700000002
327;0.01;False;0.01;False;0.01;False;0.18;False;0.01737592099999999
328;0.01;False;0.0;False;0.01;False;ERR;ERR;ERR
329;0.01;False;0.01;False;0.01;False;ERR;ERR;ERR
330;0.01;False;0.01;False;0.01;False;ERR;ERR;ERR
331;0.0;False;0.0;True;0.01;True;1.18;True;0.4070036570000001
332;0.01;False;0.0;False;0.01;False;0.69;False;0.13022273800000006
333;0.01;False;TO;TO;0.01;False;ERR;ERR;ERR
334;0.01;False;TO;TO;0.01;False;ERR;ERR;ERR
335;0.01;True;0.0;True;0.01;True;ERR;ERR;ERR
336;0.01;False;0.01;False;0.01;False;ERR;ERR;ERR
337;0.01;False;0.0;False;0.01;False;0.43;False;0.060139198000000005
338;ERR;ERR;0.01;True;0.01;True;ERR;ERR;ERR
339;0.01;False;0.01;True;0.0;True;TO;TO;TO
340;0.01;False;0.13;False;0.01;False;0.61;False;0.09300934100000002
341;0.01;False;0.88;False;0.01;False;ERR;ERR;ERR
342;ERR;ERR;0.01;False;0.01;False;ERR;ERR;ERR
343;0.01;False;0.01;False;0.01;False;ERR;ERR;ERR
344;0.01;False;0.43;False;0.01;False;TO;TO;TO
345;0.01;False;TO;TO;TO;TO;ERR;ERR;ERR
346;0.78;True;0.01;True;0.0;True;0.36;True;0.283563613
347;0.01;False;0.01;False;0.0;False;0.57;False;0.07416205999999997
348;0.01;False;0.01;False;0.01;False;TO;TO;TO
349;ERR;ERR;0.01;True;0.01;True;ERR;ERR;ERR
350;0.01;False;0.01;False;0.01;False;0.05;False;0.0008236249999999945
351;ERR;ERR;0.01;False;0.01;False;TO;TO;TO
352;0.01;False;0.01;False;0.01;False;TO;TO;TO
353;0.0;False;0.09;False;0.01;False;ERR;ERR;ERR
354;0.01;True;0.01;True;0.01;True;0.5;True;0.127775233
355;TO;TO;0.01;True;0.01;True;0.8;True;0.41324297900000007
356;ERR;ERR;0.01;False;0.01;False;ERR;ERR;ERR
357;0.0;False;0.01;False;0.01;False;TO;TO;TO
358;0.01;False;TO;TO;0.01;False;ERR;ERR;ERR
359;0.02;True;0.01;True;0.01;True;0.74;True;0.13284204
360;0.01;False;0.01;False;0.01;False;TO;TO;TO
361;0.01;False;0.01;False;0.01;False;ERR;ERR;ERR
362;0.01;False;0.63;False;0.07;False;ERR;ERR;ERR
363;0.01;False;0.05;False;0.36;False;ERR;ERR;ERR
364;0.0;False;0.01;True;0.0;True;TO;TO;TO
365;ERR;ERR;0.01;True;0.0;True;ERR;ERR;ERR
366;0.01;False;0.01;True;0.01;True;TO;TO;TO
367;0.02;False;0.58;False;0.01;False;ERR;ERR;ERR
368;0.02;False;TO;TO;2.09;False;ERR;ERR;ERR
369;0.01;False;0.01;False;0.01;False;TO;TO;TO
370;0.01;False;0.01;True;0.01;True;TO;TO;TO
371;ERR;ERR;0.01;False;0.01;False;ERR;ERR;ERR
372;0.01;False;0.01;True;0.01;True;TO;TO;TO
373;0.01;False;0.01;False;0.0;False;ERR;ERR;ERR
374;0.01;False;0.01;False;0.01;False;0.62;False;0.20157190400000002
375;0.01;False;0.01;False;0.01;False;ERR;ERR;ERR
376;ERR;ERR;0.0;False;0.0;False;ERR;ERR;ERR
377;0.01;False;0.01;False;0.01;False;ERR;ERR;ERR
378;0.1;True;0.0;True;0.0;True;ERR;ERR;ERR
379;ERR;ERR;0.01;True;0.0;True;ERR;ERR;ERR
380;0.01;False;0.01;False;0.01;False;TO;TO;TO
381;0.44;True;0.01;False;0.01;False;ERR;ERR;ERR
382;0.01;False;0.01;False;0.01;False;ERR;ERR;ERR
383;0.01;False;0.01;False;0.01;False;0.33;False;0.23028084199999999
384;TO;TO;0.0;True;0.01;True;0.45;True;0.41131136100000004
385;0.01;False;0.6;False;0.01;False;ERR;ERR;ERR
386;TO;TO;TO;TO;0.01;False;ERR;ERR;ERR
387;0.01;False;0.01;True;0.01;True;TO;TO;TO
388;0.01;False;0.08;False;0.18;False;0.51;False;0.172463969
389;ERR;ERR;0.0;False;0.01;False;TO;TO;TO
390;0.01;False;0.01;False;0.01;False;ERR;ERR;ERR
391;TO;TO;0.01;True;0.01;True;0.19;True;0.155026025
392;0.01;True;0.0;False;0.01;False;ERR;ERR;ERR
393;0.01;False;0.01;False;0.01;False;ERR;ERR;ERR
394;0.01;False;0.05;False;0.01;False;ERR;ERR;ERR
395;0.01;False;0.01;True;0.01;True;3.03;True;0.332775952
396;0.02;False;0.01;False;0.01;False;ERR;ERR;ERR
397;0.01;False;0.0;False;0.01;False;ERR;ERR;ERR
398;0.01;False;0.01;False;0.01;False;0.04;False;0.0005979620000000005
399;ERR;ERR;0.01;False;0.01;False;ERR;ERR;ERR
400;0.01;False;0.68;False;1.72;False;ERR;ERR;ERR
401;0.01;False;TO;TO;TO;TO;0.39;False;0.08477152399999999
402;ERR;ERR;0.01;False;0.01;False;ERR;ERR;ERR
403;0.0;False;1.1;False;0.01;False;TO;TO;TO
404;0.02;True;0.01;False;0.01;False;ERR;ERR;ERR
405;0.01;False;0.0;False;0.01;False;ERR;ERR;ERR
406;ERR;ERR;0.01;False;ERR;ERR;TO;TO;TO
407;ERR;ERR;2.93;False;0.01;False;1.71;False;0.21449829300000012
408;0.33;True;0.01;True;0.01;True;1.35;True;0.3680428319999999
409;0.01;False;0.06;False;0.09;False;TO;TO;TO
410;ERR;ERR;0.4;False;0.01;False;ERR;ERR;ERR
411;TO;TO;0.01;True;0.01;True;0.69;True;0.192602891
412;0.01;False;0.01;False;0.01;False;TO;TO;TO
413;0.01;False;2.79;False;TO;TO;ERR;ERR;ERR
414;0.01;False;0.02;False;0.01;False;TO;TO;TO
415;0.01;False;0.01;False;0.01;False;0.08;False;0.0024572699999999975
416;0.01;False;0.01;False;0.0;False;ERR;ERR;ERR
417;ERR;ERR;0.01;False;0.01;False;ERR;ERR;ERR
418;0.01;False;0.0;True;0.01;True;ERR;ERR;ERR
419;TO;TO;0.0;True;0.01;True;ERR;ERR;ERR
420;0.01;False;0.01;False;0.01;False;ERR;ERR;ERR
421;0.01;False;0.09;False;0.01;False;ERR;ERR;ERR
422;0.01;False;0.5;False;0.08;False;ERR;ERR;ERR
423;0.01;False;0.01;False;0.01;False;1.55;False;0.23576327499999983
424;0.0;False;0.01;False;0.0;False;ERR;ERR;ERR
425;0.01;False;0.0;False;0.01;False;ERR;ERR;ERR
426;0.01;False;1.73;False;0.01;False;ERR;ERR;ERR
427;0.0;False;0.01;True;0.01;True;TO;TO;TO
428;0.0;False;0.01;True;0.01;True;0.18;True;0.123497522
429;TO;TO;0.01;True;0.01;True;0.08;True;0.052192249999999996
430;ERR;ERR;0.01;True;0.01;True;ERR;ERR;ERR
431;0.0;False;TO;TO;TO;TO;ERR;ERR;ERR
432;0.01;False;0.01;False;0.01;False;ERR;ERR;ERR
433;0.01;False;0.92;False;0.01;False;TO;TO;TO
434;0.01;False;TO;TO;0.01;False;ERR;ERR;ERR
435;0.01;False;0.01;False;0.01;False;TO;TO;TO
436;TO;TO;2.06;False;3.27;False;ERR;ERR;ERR
437;0.01;False;0.0;True;0.01;True;TO;TO;TO
438;0.01;False;0.02;False;0.01;False;TO;TO;TO
439;0.01;False;0.1;False;0.01;False;ERR;ERR;ERR
440;ERR;ERR;0.01;False;0.01;False;2.4;False;0.15654387099999978
441;0.01;False;0.0;True;0.01;True;ERR;ERR;ERR
442;0.01;False;0.01;False;0.01;False;ERR;ERR;ERR
443;ERR;ERR;0.08;False;0.97;False;TO;TO;TO
444;TO;TO;TO;TO;0.66;True;ERR;ERR;ERR
445;0.18;True;0.0;True;0.0;True;0.8;True;0.713217378
446;0.01;False;TO;TO;TO;TO;ERR;ERR;ERR
447;0.01;False;0.01;True;0.01;True;ERR;ERR;ERR
448;ERR;ERR;0.0;True;0.01;True;0.27;True;0.006017600000000012
449;0.01;False;0.01;True;0.01;True;ERR;ERR;ERR
450;TO;TO;0.01;True;0.01;True;ERR;ERR;ERR
451;ERR;ERR;TO;TO;TO;TO;TO;TO;TO
452;0.01;False;TO;TO;ERR;ERR;TO;TO;TO
453;0.01;True;0.01;False;0.0;False;ERR;ERR;ERR
454;ERR;ERR;0.01;False;0.01;False;ERR;ERR;ERR
455;0.01;False;0.01;False;0.01;False;ERR;ERR;ERR
456;TO;TO;0.32;False;0.49;False;TO;TO;TO
457;0.01;False;0.0;False;0.01;False;ERR;ERR;ERR
458;0.01;False;TO;TO;TO;TO;ERR;ERR;ERR
459;0.59;False;0.01;False;0.01;False;0.72;False;0.13055554199999997
460;0.01;False;0.01;False;0.01;False;ERR;ERR;ERR
461;0.01;False;0.01;False;0.01;False;TO;TO;TO
462;0.04;True;0.01;True;0.01;True;0.2;True;0.092429991
463;0.01;False;0.0;False;0.01;False;TO;TO;TO
464;0.01;False;1.01;True;1.91;True;ERR;ERR;ERR
465;0.01;False;0.01;False;0.02;False;ERR;ERR;ERR
466;0.01;False;TO;TO;0.01;False;ERR;ERR;ERR
467;0.01;False;0.09;False;0.07;False;ERR;ERR;ERR
468;0.01;False;0.16;False;0.02;False;ERR;ERR;ERR
469;0.0;False;0.01;False;0.01;False;ERR;ERR;ERR
470;0.0;False;0.01;False;0.01;False;0.07;False;0.001410616999999989
471;0.01;False;0.0;False;0.01;False;0.22;False;0.13484037599999998
472;0.01;False;0.96;False;0.01;False;2.58;False;0.164380446
473;0.01;False;TO;TO;0.01;False;2.58;False;0.23075437399999998
474;0.0;False;0.0;False;0.01;False;ERR;ERR;ERR
475;ERR;ERR;0.01;False;0.01;False;ERR;ERR;ERR
476;0.01;False;0.0;True;0.01;True;TO;TO;TO
477;0.01;False;0.01;False;0.01;False;ERR;ERR;ERR
478;0.01;False;0.0;False;0.01;False;2.68;False;0.3765482090000001
479;0.01;False;0.01;True;0.01;True;ERR;ERR;ERR
480;0.01;False;2.32;False;0.01;False;ERR;ERR;ERR
481;0.01;False;0.38;False;0.03;False;1.2;False;0.11304675399999997
482;0.01;False;0.0;True;0.01;True;0.23;True;0.188850151
483;TO;TO;TO;TO;0.42;True;ERR;ERR;ERR
484;ERR;ERR;0.0;False;0.01;False;ERR;ERR;ERR
485;ERR;ERR;0.0;False;0.0;False;ERR;ERR;ERR
486;0.01;True;0.56;False;0.71;False;ERR;ERR;ERR
487;0.01;False;0.0;False;ERR;ERR;ERR;ERR;ERR
488;0.01;False;0.0;False;0.01;False;TO;TO;TO
489;0.1;True;0.01;True;0.01;True;0.18;True;0.122157229
490;0.01;False;TO;TO;TO;TO;ERR;ERR;ERR
491;0.01;False;1.02;False;1.03;False;ERR;ERR;ERR
492;2.38;False;TO;TO;TO;TO;ERR;ERR;ERR
493;0.01;False;TO;TO;TO;TO;ERR;ERR;ERR
494;1.05;True;TO;TO;0.13;True;ERR;ERR;ERR
495;0.01;False;0.0;False;0.01;False;ERR;ERR;ERR
496;0.01;False;1.07;False;0.01;False;0.29;False;0.05551779999999998
497;0.01;False;0.01;False;0.01;False;ERR;ERR;ERR
498;0.01;False;0.01;False;0.01;False;ERR;ERR;ERR
499;0.0;False;0.01;False;0.01;False;ERR;ERR;ERR
500;0.01;False;0.51;False;0.01;False;1.06;False;0.09081442299999998
501;0.01;False;2.35;False;0.01;False;TO;TO;TO
502;0.01;False;0.0;False;0.0;False;ERR;ERR;ERR
503;0.01;False;0.01;True;0.01;True;TO;TO;TO
504;0.01;False;TO;TO;0.01;False;TO;TO;TO
505;0.01;False;0.01;False;0.01;False;ERR;ERR;ERR
506;ERR;ERR;0.01;False;0.01;False;TO;TO;TO
507;0.01;False;0.01;False;0.01;False;0.22;False;0.00659902200000001
508;TO;TO;0.62;False;1.24;False;0.2;False;0.16579607500000001
509;ERR;ERR;0.01;False;0.0;False;TO;TO;TO
510;0.01;False;1.65;True;2.06;True;TO;TO;TO
511;0.01;False;0.01;False;0.01;False;0.55;False;0.014851143999999983
512;0.01;False;0.89;False;0.01;False;ERR;ERR;ERR
513;0.01;False;0.01;False;0.01;False;ERR;ERR;ERR
514;0.01;False;TO;TO;TO;TO;ERR;ERR;ERR
515;0.01;False;1.19;False;1.78;False;TO;TO;TO
516;0.01;False;0.01;False;0.01;False;ERR;ERR;ERR
517;0.01;False;0.01;True;0.01;True;TO;TO;TO
518;0.01;False;TO;TO;2.94;False;ERR;ERR;ERR
519;0.01;False;0.01;False;0.01;False;ERR;ERR;ERR
520;ERR;ERR;0.0;False;0.0;False;TO;TO;TO
521;0.01;False;0.01;False;0.01;False;ERR;ERR;ERR
522;TO;TO;0.3;False;0.45;False;ERR;ERR;ERR
523;0.01;False;0.0;False;0.01;False;0.05;False;0.0008490129999999957
524;0.01;False;TO;TO;TO;TO;ERR;ERR;ERR
525;0.01;False;0.01;True;0.01;True;0.27;True;0.15556195699999997
526;0.01;False;0.01;True;0.01;True;TO;TO;TO
527;0.13;True;0.01;True;0.01;True;ERR;ERR;ERR
528;0.01;False;0.01;True;0.01;True;TO;TO;TO
529;ERR;ERR;0.01;True;0.01;True;ERR;ERR;ERR
530;0.01;False;0.64;False;0.73;False;ERR;ERR;ERR
531;0.01;True;0.01;False;0.01;False;ERR;ERR;ERR
532;0.01;False;0.01;False;0.01;False;ERR;ERR;ERR
533;0.01;False;0.01;False;0.01;False;ERR;ERR;ERR
534;0.01;False;0.01;False;0.01;False;ERR;ERR;ERR
535;0.01;True;0.01;True;0.01;True;ERR;ERR;ERR
536;0.01;False;0.01;True;0.01;True;TO;TO;TO
537;0.01;False;0.01;False;0.01;False;TO;TO;TO
538;0.25;True;0.01;True;0.01;True;0.82;True;0.729443296
539;0.01;False;TO;TO;0.01;False;TO;TO;TO
540;0.01;False;0.57;False;0.01;False;ERR;ERR;ERR
541;0.01;False;TO;TO;TO;TO;ERR;ERR;ERR
542;0.01;False;0.27;False;0.01;False;0.84;False;0.079585888
543;0.01;False;0.02;False;0.01;False;ERR;ERR;ERR
544;0.01;False;1.18;False;0.01;False;ERR;ERR;ERR
545;3.15;False;0.07;False;0.1;False;0.21;False;0.058152231
546;1.03;True;TO;TO;0.18;True;ERR;ERR;ERR
547;0.01;False;0.01;False;0.01;False;1.18;False;0.176382578
548;ERR;ERR;0.01;False;0.0;False;ERR;ERR;ERR
549;ERR;ERR;0.01;False;0.01;False;0.07;False;0.00151337
550;TO;TO;0.01;True;0.01;True;1.92;True;0.20555566599999997
551;0.01;True;0.01;True;0.01;True;ERR;ERR;ERR
552;ERR;ERR;TO;TO;0.01;False;TO;TO;TO
553;ERR;ERR;0.01;False;0.01;False;TO;TO;TO
554;0.01;False;TO;TO;TO;TO;ERR;ERR;ERR
555;0.12;True;0.01;True;0.01;True;0.4;True;0.172234213
556;ERR;ERR;0.31;True;0.26;True;ERR;ERR;ERR
557;0.01;False;0.0;True;0.01;True;ERR;ERR;ERR
558;0.74;True;0.01;True;0.01;True;0.11;True;0.075125107
559;0.01;False;0.0;False;0.01;False;ERR;ERR;ERR
560;0.01;False;0.0;False;0.01;False;ERR;ERR;ERR
561;0.01;False;0.01;False;0.01;False;ERR;ERR;ERR
562;0.01;False;0.01;False;0.01;False;ERR;ERR;ERR
563;0.01;False;0.08;False;0.09;False;ERR;ERR;ERR
564;TO;TO;0.0;True;0.01;True;0.25;True;0.22357115700000002
565;ERR;ERR;0.01;False;0.01;False;TO;TO;TO
566;0.01;False;0.01;True;0.01;True;ERR;ERR;ERR
567;TO;TO;0.34;False;0.48;False;ERR;ERR;ERR
568;0.01;False;TO;TO;0.01;False;TO;TO;TO
569;0.01;False;0.91;False;1.15;False;ERR;ERR;ERR
570;0.01;False;0.81;False;1.03;False;ERR;ERR;ERR
571;0.01;False;0.01;False;0.01;False;0.36;False;0.14460403900000002
572;0.0;True;0.01;True;0.01;True;ERR;ERR;ERR
573;0.01;False;TO;TO;ERR;ERR;TO;TO;TO
574;0.0;False;0.69;False;0.95;False;TO;TO;TO
575;0.01;False;0.0;False;ERR;ERR;ERR;ERR;ERR
576;0.01;False;1.66;False;0.01;False;ERR;ERR;ERR
577;0.01;False;TO;TO;0.01;False;ERR;ERR;ERR
578;0.01;False;0.0;False;0.01;False;ERR;ERR;ERR
579;0.01;False;0.01;False;0.01;False;TO;TO;TO
580;ERR;ERR;0.01;True;0.01;True;TO;TO;TO
581;0.01;False;0.01;False;0.01;False;TO;TO;TO
582;0.1;True;0.01;True;0.01;True;ERR;ERR;ERR
583;0.01;False;0.01;True;0.01;True;0.34;True;0.10982124199999999
584;0.0;False;0.01;False;0.01;False;ERR;ERR;ERR
585;0.01;False;0.0;False;0.01;False;ERR;ERR;ERR
586;0.01;False;0.01;False;0.01;False;TO;TO;TO
587;TO;TO;0.48;False;0.72;False;0.17;False;0.13213161099999998
588;0.01;False;1.76;False;0.01;False;ERR;ERR;ERR
589;0.09;True;0.01;True;0.01;True;0.2;True;0.12199323000000001
590;0.01;False;0.01;True;0.01;True;TO;TO;TO
591;TO;TO;TO;TO;0.43;True;ERR;ERR;ERR
592;ERR;ERR;0.01;False;0.01;False;TO;TO;TO
593;0.01;True;0.01;True;0.01;True;ERR;ERR;ERR
594;ERR;ERR;0.0;False;0.01;False;ERR;ERR;ERR
595;0.0;False;0.01;False;0.01;False;ERR;ERR;ERR
596;0.01;False;0.01;False;0.01;False;ERR;ERR;ERR
597;0.0;False;0.01;False;0.01;False;0.15;False;0.08423222299999998
598;0.01;False;0.02;True;0.02;True;TO;TO;TO
599;0.01;False;0.01;False;0.01;False;ERR;ERR;ERR
600;0.01;False;0.02;False;0.01;False;ERR;ERR;ERR
601;0.01;False;0.62;False;1.11;False;ERR;ERR;ERR
602;0.01;False;0.01;True;0.01;True;TO;TO;TO
603;0.01;False;1.15;False;0.01;False;0.98;False;0.39766523099999995
604;0.01;True;0.01;True;0.01;True;1.48;True;0.024565670999999956
605;0.01;False;0.54;False;0.83;False;TO;TO;TO
606;0.01;False;0.01;False;0.01;False;ERR;ERR;ERR
607;ERR;ERR;0.01;False;0.01;False;ERR;ERR;ERR
608;0.03;True;0.01;True;0.01;True;0.48;True;0.388614802
609;0.01;False;0.01;True;0.0;True;TO;TO;TO
610;0.01;False;0.01;True;0.01;True;ERR;ERR;ERR
611;0.01;False;0.01;True;0.01;True;ERR;ERR;ERR
612;0.01;False;0.01;False;0.0;False;ERR;ERR;ERR
613;ERR;ERR;0.01;True;0.01;True;TO;TO;TO
614;ERR;ERR;0.01;False;ERR;ERR;TO;TO;TO
615;ERR;ERR;0.01;False;0.0;False;0.74;False;0.11073448100000005
616;0.01;False;0.02;False;0.0;False;ERR;ERR;ERR
617;ERR;ERR;0.01;False;0.01;False;ERR;ERR;ERR
618;ERR;ERR;0.01;True;0.0;True;ERR;ERR;ERR
619;TO;TO;0.01;True;0.01;True;0.74;True;0.24259315400000003
620;ERR;ERR;0.01;False;0.01;False;TO;TO;TO
621;0.01;False;TO;TO;TO;TO;TO;TO;TO
622;0.01;False;0.01;False;0.01;False;TO;TO;TO
623;0.02;False;0.01;False;0.01;False;ERR;ERR;ERR
624;0.02;False;TO;TO;TO;TO;ERR;ERR;ERR
625;0.01;False;0.09;False;0.01;False;ERR;ERR;ERR
626;0.01;True;0.01;True;0.01;True;ERR;ERR;ERR
627;0.01;True;0.01;True;0.01;True;0.9;True;0.015224182999999947
628;0.01;False;TO;TO;0.01;False;ERR;ERR;ERR
629;0.01;False;0.01;True;0.01;True;TO;TO;TO
630;0.01;False;0.01;True;0.01;True;ERR;ERR;ERR
631;0.01;False;0.01;False;0.0;False;ERR;ERR;ERR
632;0.01;False;TO;TO;0.01;False;TO;TO;TO
633;0.02;False;0.01;False;0.01;False;0.91;False;0.1854061429999999
634;ERR;ERR;0.01;False;0.01;False;TO;TO;TO
635;0.03;False;0.01;False;0.01;False;0.24;False;0.19525210099999998
636;0.01;False;0.28;False;0.62;False;ERR;ERR;ERR
637;0.02;True;0.01;True;0.01;True;0.18;True;0.0038855499999999876
638;ERR;ERR;0.36;False;0.74;False;0.22;False;0.119757565
639;ERR;ERR;2.03;False;0.01;False;ERR;ERR;ERR
640;0.01;False;0.01;False;0.0;False;ERR;ERR;ERR
641;0.01;False;0.01;False;0.01;False;ERR;ERR;ERR
642;TO;TO;0.09;False;0.02;False;ERR;ERR;ERR
643;0.01;False;0.01;True;0.01;True;TO;TO;TO
644;0.01;False;2.5;False;3.15;False;2.86;False;0.432812781
645;0.01;False;0.01;False;0.01;False;TO;TO;TO
646;0.01;False;0.01;False;0.01;False;ERR;ERR;ERR
647;0.01;False;0.01;False;0.01;False;TO;TO;TO
648;ERR;ERR;0.01;False;0.01;False;ERR;ERR;ERR
649;0.01;False;0.0;False;0.01;False;TO;TO;TO
650;0.01;False;TO;TO;0.01;False;ERR;ERR;ERR
651;0.01;False;2.56;False;3.19;False;ERR;ERR;ERR
652;0.01;False;0.01;False;0.01;False;ERR;ERR;ERR
653;0.01;False;0.19;False;2.46;False;ERR;ERR;ERR
654;ERR;ERR;0.01;False;0.01;False;ERR;ERR;ERR
655;ERR;ERR;0.01;False;0.02;False;ERR;ERR;ERR
656;0.0;False;0.01;True;0.0;True;TO;TO;TO
657;ERR;ERR;0.0;True;0.01;True;ERR;ERR;ERR
658;0.01;False;0.29;False;0.01;False;TO;TO;TO
659;0.01;False;0.01;False;0.01;False;ERR;ERR;ERR
660;0.01;False;0.01;False;0.01;False;TO;TO;TO
661;0.02;False;0.01;False;0.01;False;ERR;ERR;ERR
662;ERR;ERR;0.01;True;0.01;True;ERR;ERR;ERR
663;ERR;ERR;0.01;False;0.0;False;TO;TO;TO
664;0.02;False;0.01;False;0.01;False;ERR;ERR;ERR
665;0.02;False;0.01;False;0.01;False;ERR;ERR;ERR
666;0.01;False;TO;TO;0.24;False;ERR;ERR;ERR
667;0.01;False;0.01;False;0.01;False;ERR;ERR;ERR
668;0.01;False;0.01;False;0.0;False;ERR;ERR;ERR
669;0.01;False;0.01;False;0.01;False;ERR;ERR;ERR
670;ERR;ERR;TO;TO;0.01;False;0.47;False;0.010264828999999975
671;0.02;True;0.01;True;0.01;True;0.45;True;0.31441194699999997
672;0.01;False;0.49;False;0.06;False;ERR;ERR;ERR
673;0.01;False;0.01;False;0.01;False;0.04;False;0.0003504079999999965
674;0.01;False;0.01;True;0.01;True;ERR;ERR;ERR
675;ERR;ERR;TO;TO;TO;TO;TO;TO;TO
676;0.02;False;0.01;False;0.02;False;0.44;False;0.193850458
677;0.01;False;0.01;False;0.01;False;1.2;False;0.1988669540000001
678;0.01;False;0.01;True;0.01;True;ERR;ERR;ERR
679;0.01;False;0.01;True;0.01;True;TO;TO;TO
680;TO;TO;TO;TO;0.42;True;ERR;ERR;ERR
681;0.01;True;0.01;False;0.01;False;ERR;ERR;ERR
682;ERR;ERR;0.01;True;0.01;True;TO;TO;TO
683;0.01;False;0.01;False;0.01;False;0.22;False;0.0058163920000000036
684;0.01;False;1.12;False;1.83;False;TO;TO;TO
685;0.02;False;0.01;False;0.01;False;0.15;False;0.084575188
686;ERR;ERR;0.01;False;0.01;False;TO;TO;TO
687;0.01;False;0.01;False;0.01;False;ERR;ERR;ERR
688;0.02;False;0.12;False;0.01;False;ERR;ERR;ERR
689;0.01;False;0.0;False;0.01;False;TO;TO;TO
690;0.01;False;0.01;False;0.0;False;ERR;ERR;ERR
691;0.02;False;1.5;False;0.01;False;ERR;ERR;ERR
692;0.01;False;TO;TO;0.01;False;ERR;ERR;ERR
693;0.02;False;0.36;False;0.52;False;TO;TO;TO
694;ERR;ERR;0.01;False;0.01;False;TO;TO;TO
695;0.02;False;0.27;False;0.42;False;ERR;ERR;ERR
696;0.01;True;0.01;True;0.01;True;ERR;ERR;ERR
697;0.02;False;0.01;False;0.01;False;ERR;ERR;ERR
698;ERR;ERR;0.01;True;0.02;True;2.75;True;0.5687925689999997
699;ERR;ERR;0.01;True;0.01;True;1.29;True;0.14943297500000008
700;0.01;False;0.09;False;0.07;False;ERR;ERR;ERR
701;0.77;False;TO;TO;TO;TO;ERR;ERR;ERR
702;TO;TO;0.01;True;0.01;True;ERR;ERR;ERR
703;0.01;False;0.01;True;0.01;True;ERR;ERR;ERR
704;ERR;ERR;0.01;False;0.01;False;TO;TO;TO
705;0.01;False;0.01;False;0.01;False;ERR;ERR;ERR
706;0.0;False;0.01;True;0.01;True;0.99;True;0.20719804499999994
707;0.02;False;0.01;True;0.01;True;ERR;ERR;ERR
708;0.02;False;0.02;False;0.01;False;ERR;ERR;ERR
709;0.01;False;0.03;False;0.01;False;TO;TO;TO
710;0.01;False;TO;TO;0.01;False;TO;TO;TO
711;0.0;False;0.01;False;0.01;False;0.9;False;0.09158623700000001
712;0.01;False;0.01;False;0.01;False;TO;TO;TO
713;0.09;True;0.01;True;0.01;True;ERR;ERR;ERR
714;0.01;False;TO;TO;TO;TO;ERR;ERR;ERR
715;0.02;False;TO;TO;2.85;False;ERR;ERR;ERR
716;0.01;False;0.01;True;0.01;True;TO;TO;TO
717;0.02;True;0.01;True;0.01;True;0.36;True;0.12974916700000003
718;0.02;False;0.01;False;0.01;False;2.06;False;0.21381870800000002
719;0.01;False;TO;TO;TO;TO;TO;TO;TO
720;0.01;False;1.15;False;0.01;False;ERR;ERR;ERR
721;2.88;False;3.06;False;TO;TO;0.24;False;0.20638599900000001
722;TO;TO;0.3;True;0.72;True;ERR;ERR;ERR
723;ERR;ERR;0.0;True;0.01;True;ERR;ERR;ERR
724;0.01;True;0.01;False;0.01;False;ERR;ERR;ERR
725;0.01;False;0.01;False;0.0;False;0.04;False;0.00012805999999999929
726;0.01;False;0.01;False;0.01;False;ERR;ERR;ERR
727;0.01;False;0.08;False;0.01;False;ERR;ERR;ERR
728;0.02;True;TO;TO;TO;TO;0.53;True;0.22493098500000003
729;0.01;True;0.0;True;0.01;True;0.17;True;0.0038956199999999885
730;0.0;False;2.03;False;2.32;False;ERR;ERR;ERR
731;0.01;False;0.01;False;0.01;False;ERR;ERR;ERR
732;TO;TO;0.01;True;0.01;True;2.02;True;0.20194848499999996
733;0.55;True;0.01;True;0.01;True;0.52;True;0.143471876
734;0.01;False;0.01;False;0.01;False;ERR;ERR;ERR
735;0.01;False;0.01;False;0.01;False;0.18;False;0.01733696600000001
736;0.01;True;0.01;True;0.01;True;0.3;True;0.006573012999999961
737;0.01;False;0.01;False;0.01;False;ERR;ERR;ERR
738;ERR;ERR;0.01;False;0.01;False;ERR;ERR;ERR
739;0.01;False;0.0;False;0.01;False;ERR;ERR;ERR
740;0.01;False;0.01;False;0.01;False;ERR;ERR;ERR
741;0.01;False;0.41;False;0.63;False;3.26;False;0.29329443200000016
742;0.02;False;0.01;True;0.01;True;0.13;True;0.088569828
743;ERR;ERR;0.01;True;0.0;True;ERR;ERR;ERR
744;0.01;False;0.58;False;0.01;False;ERR;ERR;ERR
745;0.01;False;0.01;True;0.01;True;ERR;ERR;ERR
746;0.01;False;1.05;False;0.01;False;ERR;ERR;ERR
747;0.01;False;0.0;False;0.01;False;0.34;False;0.008413926000000016
748;0.01;False;TO;TO;0.01;False;ERR;ERR;ERR
749;0.01;False;TO;TO;0.01;False;1.23;False;0.14755213999999994
750;0.02;False;0.01;True;0.02;True;ERR;ERR;ERR
751;0.01;False;0.01;False;0.01;False;ERR;ERR;ERR
752;ERR;ERR;0.11;False;0.09;False;ERR;ERR;ERR
753;0.01;False;0.91;False;0.01;False;ERR;ERR;ERR
754;0.01;False;0.02;False;0.02;False;ERR;ERR;ERR
755;0.01;False;0.0;True;0.01;True;0.21;True;0.006329604999999988
756;0.01;False;0.01;False;0.01;False;TO;TO;TO
757;0.02;False;0.67;False;1.02;False;ERR;ERR;ERR
758;0.01;False;0.01;False;0.01;False;0.95;False;0.1792200639999999
759;0.05;False;0.01;True;0.01;True;0.12;True;0.067141498
760;0.01;False;0.01;False;0.01;False;ERR;ERR;ERR
761;0.01;False;TO;TO;TO;TO;ERR;ERR;ERR
762;0.0;False;1.01;False;0.01;False;ERR;ERR;ERR
763;ERR;ERR;TO;TO;0.43;False;ERR;ERR;ERR
764;0.02;False;1.38;False;0.0;False;TO;TO;TO
765;0.44;True;0.02;False;0.02;False;ERR;ERR;ERR
766;0.02;True;0.01;False;0.01;False;ERR;ERR;ERR
767;0.01;False;0.01;False;0.01;False;TO;TO;TO
768;0.02;False;0.01;False;0.01;False;ERR;ERR;ERR
769;0.01;False;TO;TO;TO;TO;TO;TO;TO
770;ERR;ERR;0.01;False;0.01;False;TO;TO;TO
771;0.02;False;0.0;True;0.01;True;0.49;True;0.245051804
772;0.01;False;0.01;False;0.01;False;2.16;False;0.2040110100000001
773;0.01;False;TO;TO;0.01;False;0.32;False;0.04838605999999998
774;TO;TO;0.9;False;1.27;False;0.13;False;0.098835483
775;0.01;False;0.01;True;0.01;True;1.09;True;0.17009861699999995
776;0.02;False;0.01;False;0.01;False;0.09;False;0.052977922
777;0.01;False;TO;TO;0.01;False;ERR;ERR;ERR
778;0.01;False;0.01;False;0.01;False;1.7;False;0.20653631900000002
779;0.01;False;0.01;False;0.01;False;TO;TO;TO
780;0.01;False;0.01;False;0.01;False;0.16;False;0.06683810999999999
781;TO;TO;0.01;True;0.01;True;ERR;ERR;ERR
782;0.01;False;0.86;False;0.07;False;ERR;ERR;ERR
783;0.01;False;TO;TO;0.01;False;ERR;ERR;ERR
784;0.01;False;0.4;False;0.01;False;ERR;ERR;ERR
785;TO;TO;0.01;True;0.01;True;0.17;True;0.12411867199999999
786;0.01;False;0.09;False;0.06;False;ERR;ERR;ERR
787;ERR;ERR;0.28;False;0.01;False;0.65;False;0.15053530499999995
788;0.02;True;0.01;True;0.01;True;0.54;True;0.18886258000000006
789;0.01;True;0.01;True;0.0;True;ERR;ERR;ERR
790;0.01;False;TO;TO;TO;TO;ERR;ERR;ERR
791;ERR;ERR;0.01;False;0.01;False;ERR;ERR;ERR
792;0.01;False;1.4;False;1.58;False;ERR;ERR;ERR
793;0.0;False;0.12;False;0.17;False;0.84;False;0.21602558900000002
794;0.01;False;0.25;False;0.01;False;ERR;ERR;ERR
795;0.01;False;0.0;False;0.01;False;ERR;ERR;ERR
796;0.01;False;0.01;False;0.01;False;ERR;ERR;ERR
797;0.01;False;0.01;False;0.01;False;0.24;False;0.157718463
798;0.01;False;0.46;False;0.01;False;0.35;False;0.11184104800000003
799;0.01;False;0.01;True;0.01;True;TO;TO;TO
800;0.01;False;0.28;False;0.81;False;ERR;ERR;ERR
801;0.01;False;0.01;True;0.01;True;0.34;True;0.16143254299999998
802;0.01;False;0.01;False;0.01;False;ERR;ERR;ERR
803;0.01;False;2.82;False;3.13;False;ERR;ERR;ERR
804;0.01;False;TO;TO;TO;TO;1.19;False;0.24159882900000007
805;0.02;False;0.01;False;0.01;False;ERR;ERR;ERR
806;0.0;False;1.57;False;0.01;False;0.87;False;0.15170917900000003
807;0.01;False;0.05;False;0.01;False;ERR;ERR;ERR
808;0.01;False;0.01;False;0.01;False;ERR;ERR;ERR
809;0.01;False;0.01;False;0.01;False;2.14;False;0.12612849299999973
810;0.01;False;0.01;False;0.01;False;0.64;False;0.01609841199999995
811;0.01;False;2.44;False;TO;TO;TO;TO;TO
812;0.01;False;0.01;False;0.01;False;ERR;ERR;ERR
813;0.01;False;0.0;False;0.01;False;ERR;ERR;ERR
814;TO;TO;0.54;False;0.05;False;ERR;ERR;ERR
815;0.01;False;0.01;False;0.01;False;TO;TO;TO
816;0.01;False;0.01;False;0.01;False;0.05;False;0.0008864930000000021
817;0.01;False;TO;TO;TO;TO;ERR;ERR;ERR
818;0.01;False;0.01;False;0.01;False;ERR;ERR;ERR
819;0.01;False;0.01;False;0.01;False;1.13;False;0.1955397350000001
820;TO;TO;0.48;False;0.02;False;ERR;ERR;ERR
821;ERR;ERR;TO;TO;TO;TO;ERR;ERR;ERR
822;ERR;ERR;0.01;False;0.01;False;TO;TO;TO
823;0.01;False;0.01;False;0.01;False;ERR;ERR;ERR
824;0.01;False;2.8;False;0.01;False;ERR;ERR;ERR
825;0.01;False;0.81;False;0.01;False;ERR;ERR;ERR
826;0.01;False;0.11;False;0.15;False;ERR;ERR;ERR
827;0.0;False;0.01;True;0.01;True;0.1;True;0.06485929700000001
828;0.01;False;TO;TO;TO;TO;ERR;ERR;ERR
829;0.01;False;0.01;True;0.0;True;ERR;ERR;ERR
830;0.01;False;0.01;False;0.01;False;ERR;ERR;ERR
831;ERR;ERR;0.01;False;0.01;False;ERR;ERR;ERR
832;0.01;True;0.0;False;0.0;False;ERR;ERR;ERR
833;0.01;False;0.01;False;0.01;False;TO;TO;TO
834;0.01;True;0.01;True;0.0;True;0.14;True;0.09948343700000001
835;0.01;False;0.01;False;0.01;False;ERR;ERR;ERR
836;0.01;False;0.05;False;0.08;False;ERR;ERR;ERR
837;0.02;False;0.0;False;0.01;False;TO;TO;TO
838;0.01;False;TO;TO;TO;TO;0.8;False;0.31468835900000003
839;0.0;False;TO;TO;TO;TO;TO;TO;TO
840;ERR;ERR;0.01;True;0.01;True;ERR;ERR;ERR
841;0.01;False;2.44;False;3.02;False;2.78;False;0.43432325999999977
842;0.01;False;0.24;False;2.32;False;ERR;ERR;ERR
843;0.01;False;TO;TO;TO;TO;TO;TO;TO
844;0.01;False;0.01;False;0.01;False;ERR;ERR;ERR
845;0.75;True;0.01;True;0.01;True;0.1;True;0.06484400800000001
846;0.01;False;0.01;False;0.01;False;ERR;ERR;ERR
847;0.01;False;0.01;False;0.01;False;TO;TO;TO
848;0.01;False;0.01;False;0.01;False;ERR;ERR;ERR
849;0.01;False;TO;TO;TO;TO;ERR;ERR;ERR
850;TO;TO;0.12;True;0.01;True;ERR;ERR;ERR
851;0.01;False;0.01;False;0.01;False;ERR;ERR;ERR
852;0.01;False;TO;TO;TO;TO;ERR;ERR;ERR
853;0.01;False;0.01;False;0.01;False;ERR;ERR;ERR
854;0.02;True;0.01;True;0.01;True;ERR;ERR;ERR
855;0.01;False;0.01;False;0.01;False;ERR;ERR;ERR
856;ERR;ERR;0.01;True;0.01;True;0.13;True;0.09727771599999999
857;0.01;False;0.01;False;0.01;False;ERR;ERR;ERR
858;0.01;False;TO;TO;0.0;False;ERR;ERR;ERR
859;0.02;False;0.01;True;0.01;True;ERR;ERR;ERR
860;0.01;False;0.01;False;0.01;False;ERR;ERR;ERR
861;0.01;False;TO;TO;TO;TO;TO;TO;TO
862;0.01;False;0.01;False;0.01;False;ERR;ERR;ERR
863;0.01;False;0.05;False;0.06;False;ERR;ERR;ERR
864;TO;TO;0.01;True;0.01;True;TO;TO;TO
865;TO;TO;0.01;True;0.01;True;0.24;True;0.19781518599999998
866;0.55;False;TO;TO;TO;TO;0.24;False;0.131753989
867;0.01;False;0.01;False;0.0;False;ERR;ERR;ERR
868;0.01;False;0.01;True;0.01;True;TO;TO;TO
869;0.01;False;0.01;False;0.01;False;ERR;ERR;ERR
870;ERR;ERR;0.01;False;0.01;False;TO;TO;TO
871;0.01;False;0.01;False;0.01;False;TO;TO;TO
872;0.01;False;TO;TO;TO;TO;ERR;ERR;ERR
873;0.01;False;2.79;False;TO;TO;ERR;ERR;ERR
874;TO;TO;0.32;False;0.5;False;ERR;ERR;ERR
875;0.01;False;0.01;False;0.01;False;TO;TO;TO
876;0.01;False;0.01;True;0.01;True;0.38;True;0.123046706
877;0.01;False;TO;TO;0.01;False;ERR;ERR;ERR
878;0.01;False;0.01;False;0.01;False;ERR;ERR;ERR
879;0.01;False;0.01;False;0.01;False;TO;TO;TO
880;0.01;False;0.01;True;0.01;True;0.23;True;0.13796239100000002
881;0.01;False;0.01;True;0.01;True;TO;TO;TO
882;0.13;True;0.01;True;0.01;True;0.43;True;0.217885669
883;0.0;True;0.01;False;0.01;False;TO;TO;TO
884;ERR;ERR;0.01;True;0.01;True;ERR;ERR;ERR
885;0.01;True;TO;TO;TO;TO;ERR;ERR;ERR
886;0.01;False;0.0;False;0.01;False;ERR;ERR;ERR
887;0.01;False;0.94;False;1.14;False;ERR;ERR;ERR
888;0.01;False;1.49;False;1.52;False;ERR;ERR;ERR
889;0.02;False;0.98;False;1.06;False;ERR;ERR;ERR
890;0.0;False;0.77;False;0.01;False;ERR;ERR;ERR
891;0.01;False;1.49;False;1.64;False;ERR;ERR;ERR
892;0.01;False;0.01;False;0.01;False;0.4;False;0.24782419499999997
893;0.01;False;0.01;False;0.01;False;ERR;ERR;ERR
894;ERR;ERR;0.01;False;0.01;False;0.06;False;0.0009420870000000012
895;0.01;False;0.01;False;0.01;False;ERR;ERR;ERR
896;0.01;False;0.01;True;0.01;True;TO;TO;TO
897;0.01;False;0.01;True;0.01;True;0.19;True;0.116380075
898;ERR;ERR;TO;TO;0.01;False;ERR;ERR;ERR
899;0.02;True;0.01;True;0.01;True;0.56;True;0.010768683999999973
900;0.01;False;0.81;False;1.16;False;1.5;False;0.27968415
901;0.01;False;0.02;True;0.01;True;ERR;ERR;ERR
902;0.01;False;0.01;False;0.01;False;ERR;ERR;ERR
903;0.01;False;0.01;True;0.01;True;1.07;True;0.365266038
904;0.01;False;0.01;False;0.01;False;0.24;False;0.07289057300000001
905;0.06;True;0.0;True;0.01;True;ERR;ERR;ERR
906;0.01;False;0.01;False;0.01;False;2.4;False;0.29670699700000025
907;0.0;False;0.01;False;0.01;False;ERR;ERR;ERR
908;0.01;False;0.02;False;0.01;False;1.48;False;0.02928438
909;0.01;False;2.66;True;TO;TO;ERR;ERR;ERR
910;ERR;ERR;0.01;False;0.01;False;ERR;ERR;ERR
911;0.01;False;0.05;False;0.01;False;TO;TO;TO
912;0.01;False;0.64;False;0.49;False;TO;TO;TO
913;0.01;True;0.01;False;0.01;False;ERR;ERR;ERR
914;ERR;ERR;0.01;True;0.01;True;ERR;ERR;ERR
915;0.01;False;TO;TO;TO;TO;ERR;ERR;ERR
916;0.01;False;0.01;False;0.01;False;ERR;ERR;ERR
917;0.01;False;0.01;True;0.01;True;TO;TO;TO
918;TO;TO;TO;TO;0.01;False;0.19;False;0.123430979
919;0.01;False;0.01;True;0.01;True;ERR;ERR;ERR
920;ERR;ERR;0.01;False;0.01;False;ERR;ERR;ERR
921;0.01;False;0.13;False;0.01;False;ERR;ERR;ERR
922;0.01;True;0.01;True;0.0;True;ERR;ERR;ERR
923;0.01;False;0.01;False;0.01;False;ERR;ERR;ERR
924;0.01;False;0.01;False;0.01;False;ERR;ERR;ERR
925;0.01;False;0.01;False;ERR;ERR;ERR;ERR;ERR
926;0.01;False;0.67;False;TO;TO;ERR;ERR;ERR
927;0.01;False;0.01;False;0.02;False;ERR;ERR;ERR
928;TO;TO;0.01;True;0.01;True;ERR;ERR;ERR
929;0.01;False;0.01;False;0.01;False;0.04;False;0.0006615810000000014
930;TO;TO;0.0;True;0.01;True;0.32;True;0.24798004799999998
931;ERR;ERR;0.01;False;0.01;False;TO;TO;TO
932;0.01;False;0.01;True;0.01;True;0.17;True;0.09560989999999998
933;0.01;False;0.98;False;1.39;False;ERR;ERR;ERR
934;ERR;ERR;0.01;False;0.01;False;TO;TO;TO
935;ERR;ERR;0.01;False;0.01;False;TO;TO;TO
936;0.13;False;0.08;False;0.11;False;0.58;False;0.14349527
937;ERR;ERR;TO;TO;0.01;False;TO;TO;TO
938;0.01;False;0.01;True;0.01;True;ERR;ERR;ERR
939;0.02;False;0.01;False;0.01;False;ERR;ERR;ERR
940;0.36;True;0.01;True;0.01;True;ERR;ERR;ERR
941;ERR;ERR;0.01;True;0.01;True;1.58;True;0.15826935899999994
942;0.01;False;TO;TO;0.01;False;ERR;ERR;ERR
943;0.01;False;TO;TO;0.01;False;ERR;ERR;ERR
944;0.01;False;0.01;False;0.01;False;ERR;ERR;ERR
945;0.01;False;0.01;False;0.01;False;TO;TO;TO
946;0.01;False;0.01;False;0.01;False;ERR;ERR;ERR
947;0.02;False;0.01;False;0.01;False;ERR;ERR;ERR
948;ERR;ERR;0.01;False;0.01;False;ERR;ERR;ERR
949;0.02;False;0.01;False;0.01;False;ERR;ERR;ERR
950;0.01;False;0.01;False;0.01;False;TO;TO;TO
951;0.02;False;0.01;False;0.01;False;ERR;ERR;ERR
952;0.01;False;TO;TO;TO;TO;ERR;ERR;ERR
953;ERR;ERR;0.01;False;0.01;False;ERR;ERR;ERR
954;TO;TO;0.01;True;0.01;True;0.32;True;0.11352363700000001
955;0.01;False;0.01;False;0.01;False;ERR;ERR;ERR
956;0.01;False;TO;TO;TO;TO;ERR;ERR;ERR
957;0.01;False;0.1;False;0.01;False;0.45;False;0.14259676999999998
958;TO;TO;0.01;True;0.01;True;0.47;True;0.167069629
959;TO;TO;0.01;True;0.01;True;0.69;True;0.16580415000000004
960;0.01;False;0.01;True;0.01;True;0.42;True;0.220279539
961;0.01;False;0.01;False;0.01;False;2.07;False;0.19740289300000002
962;0.01;False;0.01;False;0.01;False;TO;TO;TO
963;0.02;False;TO;TO;0.01;False;ERR;ERR;ERR
964;0.01;False;0.01;False;0.01;False;ERR;ERR;ERR
965;0.01;False;0.89;False;1.12;False;ERR;ERR;ERR
966;0.01;False;0.01;False;0.01;False;ERR;ERR;ERR
967;0.01;False;0.01;True;0.01;True;TO;TO;TO
968;0.01;False;TO;TO;TO;TO;ERR;ERR;ERR
969;0.01;False;0.01;True;0.01;True;TO;TO;TO
970;0.01;False;0.01;False;0.01;False;ERR;ERR;ERR
971;0.01;False;0.01;False;0.01;False;ERR;ERR;ERR
972;0.01;False;0.01;False;0.0;False;ERR;ERR;ERR
973;0.01;False;0.01;False;0.01;False;ERR;ERR;ERR
974;0.01;False;0.01;False;0.01;False;ERR;ERR;ERR
975;0.01;False;0.01;True;0.0;True;0.2;True;0.128274679
976;TO;TO;TO;TO;0.01;False;0.24;False;0.194960996
977;ERR;ERR;0.01;True;0.01;True;ERR;ERR;ERR
978;ERR;ERR;0.01;False;0.01;False;ERR;ERR;ERR
979;0.01;False;0.01;False;0.01;False;ERR;ERR;ERR
980;ERR;ERR;0.01;True;0.01;True;ERR;ERR;ERR
981;0.01;False;0.14;False;0.15;False;ERR;ERR;ERR
982;ERR;ERR;0.01;True;0.01;True;0.79;True;0.160564009
983;0.01;False;0.01;False;0.01;False;ERR;ERR;ERR
984;0.01;False;0.01;False;0.01;False;TO;TO;TO
985;ERR;ERR;0.05;True;0.06;True;ERR;ERR;ERR
986;0.12;True;0.01;True;0.01;True;0.39;True;0.17082467
987;TO;TO;0.01;True;0.01;True;0.74;True;0.18329527300000004
988;ERR;ERR;0.01;True;0.01;True;ERR;ERR;ERR
989;0.01;False;0.22;False;0.01;False;TO;TO;TO
990;1.41;True;0.01;True;0.01;True;ERR;ERR;ERR
991;0.01;False;0.01;True;0.01;True;ERR;ERR;ERR
992;0.01;False;TO;TO;0.01;False;ERR;ERR;ERR
993;0.02;False;0.08;False;0.06;False;ERR;ERR;ERR
994;0.02;False;0.1;False;0.06;False;ERR;ERR;ERR
995;0.02;False;0.01;False;0.02;False;TO;TO;TO
996;0.01;False;0.01;False;0.01;False;ERR;ERR;ERR
997;0.01;False;TO;TO;0.01;False;ERR;ERR;ERR
998;0.02;True;0.01;False;0.01;False;ERR;ERR;ERR
999;0.02;False;2.58;False;0.08;False;ERR;ERR;ERR
1000;TO;TO;0.36;False;0.48;False;0.18;False;0.14413336799999998
1001;0.01;False;TO;TO;0.01;False;ERR;ERR;ERR
1002;0.01;False;TO;TO;TO;TO;ERR;ERR;ERR
1003;0.01;False;0.01;True;0.01;True;1.2;True;0.3813863140000001
1004;ERR;ERR;TO;TO;0.01;False;1.33;False;0.11931468999999995
1005;0.01;False;0.01;True;0.01;True;ERR;ERR;ERR
1006;0.02;True;0.01;True;0.0;True;ERR;ERR;ERR
1007;0.02;False;0.01;False;0.01;False;1.71;False;0.31454831400000005
1008;0.02;False;TO;TO;TO;TO;ERR;ERR;ERR
1009;0.01;False;0.01;False;0.01;False;ERR;ERR;ERR
1010;0.01;False;0.71;False;1.55;False;ERR;ERR;ERR
1011;0.01;False;1.67;True;2.04;True;TO;TO;TO
1012;0.01;True;TO;TO;0.01;False;ERR;ERR;ERR
1013;0.19;False;0.09;False;0.11;False;0.45;False;0.08817914800000004
1014;ERR;ERR;0.01;False;0.01;False;ERR;ERR;ERR
1015;TO;TO;TO;TO;0.42;True;ERR;ERR;ERR
1016;ERR;ERR;0.01;True;0.01;True;ERR;ERR;ERR
1017;0.01;False;0.01;False;0.01;False;1.52;False;0.19481672500000013
1018;0.03;False;0.02;False;0.02;False;0.54;False;0.11842962399999996
1019;0.02;False;TO;TO;0.01;False;ERR;ERR;ERR
1020;0.02;True;0.01;False;0.01;False;ERR;ERR;ERR
1021;TO;TO;TO;TO;0.41;True;ERR;ERR;ERR
1022;0.01;False;0.01;False;0.01;False;3.34;False;0.12790073300000016
